{
  "n_estimators": 631,
  "learning_rate": 0.09180672453553222,
  "max_depth": 13,
  "subsample": 0.627532612010491,
  "colsample_bytree": 0.9222097595544694,
  "reg_alpha": 0.9329175273411969,
  "reg_lambda": 3.5389301521997947,
  "min_child_weight": 8,
  "gamma": 7.611271421768714
}